{
	"info": {
		"_postman_id": "40ae31d9-6247-4775-a826-0565d02897e6",
		"name": "API 3",
		"schema": "https://schema.getpostman.com/json/collection/v2.1.0/collection.json",
		"_exporter_id": "23965274"
	},
	"item": [
		{
			"name": "GET 3",
			"event": [
				{
					"listen": "test",
					"script": {
						"exec": [
							"pm.test(\"Status code is 200\", function () {\r",
							"    pm.response.to.have.status(200);\r",
							"});"
						],
						"type": "text/javascript"
					}
				}
			],
			"protocolProfileBehavior": {
				"disableBodyPruning": true
			},
			"request": {
				"method": "GET",
				"header": [],
				"body": {
					"mode": "raw",
					"raw": "",
					"options": {
						"raw": {
							"language": "json"
						}
					}
				},
				"url": {
					"raw": "https://em.staging.api.onereach.ai/http/1b3bebb7-e882-4f1e-a74b-ee381bfa69d6/users?id={{id}}",
					"protocol": "https",
					"host": [
						"em",
						"staging",
						"api",
						"onereach",
						"ai"
					],
					"path": [
						"http",
						"1b3bebb7-e882-4f1e-a74b-ee381bfa69d6",
						"users"
					],
					"query": [
						{
							"key": "id",
							"value": "{{id}}"
						}
					]
				}
			},
			"response": []
		},
		{
			"name": "GET 3 Copy",
			"event": [
				{
					"listen": "test",
					"script": {
						"exec": [
							"pm.test(\"Status code is 200\", function () {\r",
							"    pm.response.to.have.status(201);\r",
							"});"
						],
						"type": "text/javascript"
					}
				}
			],
			"protocolProfileBehavior": {
				"disableBodyPruning": true
			},
			"request": {
				"method": "GET",
				"header": [],
				"body": {
					"mode": "raw",
					"raw": "",
					"options": {
						"raw": {
							"language": "json"
						}
					}
				},
				"url": {
					"raw": "https://em.staging.api.onereach.ai/http/1b3bebb7-e882-4f1e-a74b-ee381bfa69d6/users?id={{id}}",
					"protocol": "https",
					"host": [
						"em",
						"staging",
						"api",
						"onereach",
						"ai"
					],
					"path": [
						"http",
						"1b3bebb7-e882-4f1e-a74b-ee381bfa69d6",
						"users"
					],
					"query": [
						{
							"key": "id",
							"value": "{{id}}"
						}
					]
				}
			},
			"response": []
		},
		{
			"name": "POST 3",
			"event": [
				{
					"listen": "prerequest",
					"script": {
						"exec": [
							"pm.collectionVariables.set(\"name\", \"Xeniia O\");\r",
							"console.log(\"Stand by Ukraine\")\r",
							"\r",
							""
						],
						"type": "text/javascript"
					}
				},
				{
					"listen": "test",
					"script": {
						"exec": [
							"//pm.collectionVariables.set(\"id\", pm.response);\r",
							"\r",
							"const responseJson = pm.response.json()\r",
							"\r",
							"pm.collectionVariables.set(\"id\", responseJson.id);\r",
							"console.log(pm.collectionVariables.get(\"id\"))\r",
							"\r",
							"pm.test(\"Status code is 200\", function () {\r",
							"    pm.response.to.have.status(200);\r",
							"});\r",
							""
						],
						"type": "text/javascript"
					}
				}
			],
			"request": {
				"method": "POST",
				"header": [],
				"body": {
					"mode": "raw",
					"raw": "{\r\n\"name\": \"{{name}}\",\r\n\"age\": \"{{age}}\",\r\n\"gender\": \"{{gender}}\",\r\n\"city\": \"{{city}}\"\r\n}\r\n",
					"options": {
						"raw": {
							"language": "json"
						}
					}
				},
				"url": {
					"raw": "https://em.staging.api.onereach.ai/http/1b3bebb7-e882-4f1e-a74b-ee381bfa69d6/users?id=1",
					"protocol": "https",
					"host": [
						"em",
						"staging",
						"api",
						"onereach",
						"ai"
					],
					"path": [
						"http",
						"1b3bebb7-e882-4f1e-a74b-ee381bfa69d6",
						"users"
					],
					"query": [
						{
							"key": "id",
							"value": "1"
						}
					]
				}
			},
			"response": []
		},
		{
			"name": "POST 3 Copy",
			"event": [
				{
					"listen": "prerequest",
					"script": {
						"exec": [
							"pm.collectionVariables.set(\"name\", \"Xeniia O\");\r",
							"console.log(\"Stand by Ukraine\")\r",
							"\r",
							""
						],
						"type": "text/javascript"
					}
				},
				{
					"listen": "test",
					"script": {
						"exec": [
							"//pm.collectionVariables.set(\"id\", pm.response);\r",
							"\r",
							"const responseJson = pm.response.json()\r",
							"\r",
							"pm.collectionVariables.set(\"id\", responseJson.id);\r",
							"console.log(pm.collectionVariables.get(\"id\"))\r",
							"\r",
							"pm.test(\"Response time is less than 200ms\", function () {\r",
							"    pm.expect(pm.response.responseTime).to.be.below(1000);\r",
							"});"
						],
						"type": "text/javascript"
					}
				}
			],
			"request": {
				"method": "POST",
				"header": [],
				"body": {
					"mode": "raw",
					"raw": "{\r\n\"name\": \"{{name}}\",\r\n\"age\": \"{{age}}\",\r\n\"gender\": \"{{gender}}\",\r\n\"city\": \"{{city}}\"\r\n}\r\n",
					"options": {
						"raw": {
							"language": "json"
						}
					}
				},
				"url": {
					"raw": "https://em.staging.api.onereach.ai/http/1b3bebb7-e882-4f1e-a74b-ee381bfa69d6/users?id=1",
					"protocol": "https",
					"host": [
						"em",
						"staging",
						"api",
						"onereach",
						"ai"
					],
					"path": [
						"http",
						"1b3bebb7-e882-4f1e-a74b-ee381bfa69d6",
						"users"
					],
					"query": [
						{
							"key": "id",
							"value": "1"
						}
					]
				}
			},
			"response": []
		},
		{
			"name": "PATCH 3",
			"event": [
				{
					"listen": "test",
					"script": {
						"exec": [
							""
						],
						"type": "text/javascript"
					}
				}
			],
			"request": {
				"method": "PATCH",
				"header": [],
				"body": {
					"mode": "raw",
					"raw": "{\r\n\"id\": \"10669ab2-c725-4c90-98d8-131c67b5aba1\",\r\n\r\n\"city\": \"Lviv\"\r\n\r\n}",
					"options": {
						"raw": {
							"language": "json"
						}
					}
				},
				"url": {
					"raw": "https://em.staging.api.onereach.ai/http/1b3bebb7-e882-4f1e-a74b-ee381bfa69d6/users",
					"protocol": "https",
					"host": [
						"em",
						"staging",
						"api",
						"onereach",
						"ai"
					],
					"path": [
						"http",
						"1b3bebb7-e882-4f1e-a74b-ee381bfa69d6",
						"users"
					]
				}
			},
			"response": []
		},
		{
			"name": "PATCH 3 Copy",
			"event": [
				{
					"listen": "prerequest",
					"script": {
						"exec": [
							"pm.collectionVariables.set(\"city\", \"Lviv\");"
						],
						"type": "text/javascript"
					}
				},
				{
					"listen": "test",
					"script": {
						"exec": [
							"pm.test(\"Response time is less than 200ms\", function () {\r",
							"    pm.expect(pm.response.responseTime).to.be.below(200);\r",
							"});"
						],
						"type": "text/javascript"
					}
				}
			],
			"request": {
				"method": "PATCH",
				"header": [],
				"body": {
					"mode": "raw",
					"raw": "{\r\n\"id\": \"fbfb5610-dbe7-46c4-b462-8f172b759ba3\",\r\n\r\n\"city\": \"Lviv\"\r\n\r\n}",
					"options": {
						"raw": {
							"language": "json"
						}
					}
				},
				"url": {
					"raw": "https://em.staging.api.onereach.ai/http/1b3bebb7-e882-4f1e-a74b-ee381bfa69d6/users",
					"protocol": "https",
					"host": [
						"em",
						"staging",
						"api",
						"onereach",
						"ai"
					],
					"path": [
						"http",
						"1b3bebb7-e882-4f1e-a74b-ee381bfa69d6",
						"users"
					]
				}
			},
			"response": []
		},
		{
			"name": "DELETE 3",
			"event": [
				{
					"listen": "test",
					"script": {
						"exec": [
							"pm.test(\"Status code is 200\", function () {\r",
							"    pm.response.to.have.status(200);\r",
							"});\r",
							""
						],
						"type": "text/javascript"
					}
				}
			],
			"request": {
				"method": "DELETE",
				"header": [],
				"url": {
					"raw": "https://em.staging.api.onereach.ai/http/1b3bebb7-e882-4f1e-a74b-ee381bfa69d6/users?id=fbfb5610-dbe7-46c4-b462-8f172b759ba3",
					"protocol": "https",
					"host": [
						"em",
						"staging",
						"api",
						"onereach",
						"ai"
					],
					"path": [
						"http",
						"1b3bebb7-e882-4f1e-a74b-ee381bfa69d6",
						"users"
					],
					"query": [
						{
							"key": "id",
							"value": "fbfb5610-dbe7-46c4-b462-8f172b759ba3"
						}
					]
				}
			},
			"response": []
		},
		{
			"name": "DELETE 3 Copy",
			"event": [
				{
					"listen": "test",
					"script": {
						"exec": [
							"pm.test(\"Body is correct\", function () {\r",
							"    pm.response.to.have.body(\"response_body_string\");\r",
							"});"
						],
						"type": "text/javascript"
					}
				}
			],
			"request": {
				"method": "DELETE",
				"header": [],
				"url": {
					"raw": "https://em.staging.api.onereach.ai/http/1b3bebb7-e882-4f1e-a74b-ee381bfa69d6/users?id=fbfb5610-dbe7-46c4-b462-8f172b759ba3",
					"protocol": "https",
					"host": [
						"em",
						"staging",
						"api",
						"onereach",
						"ai"
					],
					"path": [
						"http",
						"1b3bebb7-e882-4f1e-a74b-ee381bfa69d6",
						"users"
					],
					"query": [
						{
							"key": "id",
							"value": "fbfb5610-dbe7-46c4-b462-8f172b759ba3"
						}
					]
				}
			},
			"response": []
		}
	],
	"event": [
		{
			"listen": "prerequest",
			"script": {
				"type": "text/javascript",
				"exec": [
					""
				]
			}
		},
		{
			"listen": "test",
			"script": {
				"type": "text/javascript",
				"exec": [
					""
				]
			}
		}
	],
	"variable": [
		{
			"key": "name",
			"value": "Xeniia Oratovska",
			"type": "string"
		},
		{
			"key": "id",
			"value": ""
		},
		{
			"key": "city",
			"value": ""
		}
	]
}