{
	"id": "8d630400-1b35-4c44-83fa-d9d12d16b453",
	"name": "API 3",
	"values": [
		{
			"key": "age",
			"value": "16",
			"type": "default",
			"enabled": true
		},
		{
			"key": "gender",
			"value": "female",
			"type": "default",
			"enabled": true
		},
		{
			"key": "city",
			"value": "Kiev",
			"type": "default",
			"enabled": true
		}
	],
	"_postman_variable_scope": "environment",
	"_postman_exported_at": "2022-10-24T06:30:38.273Z",
	"_postman_exported_using": "Postman/9.31.26-221020-0605"
}